<object-stream>
  <list>
    <General>
      <name>Joseph</name>
      <dob>22/07/1998</dob>
      <gender>m</gender>
      <address>Waterford</address>
      <contactNumber>0894253606</contactNumber>
      <qualifications>
        <Qualification>
          <degreeType>Medical Physics</degreeType>
          <degreeName>Masters</degreeName>
          <college>WIT</college>
          <conferringYear>2021</conferringYear>
        </Qualification>
      </qualifications>
      <qualifiedInIreland>true</qualifiedInIreland>
    </General>
    <Intern>
      <name>Mary</name>
      <dob>13/5/1992</dob>
      <gender>f</gender>
      <address>Dublin</address>
      <contactNumber>0873555345</contactNumber>
      <qualifications>
        <Qualification>
          <degreeType>Nursing</degreeType>
          <degreeName>Masters</degreeName>
          <college>UCD</college>
          <conferringYear>2013</conferringYear>
        </Qualification>
      </qualifications>
    </Intern>
    <Specialist>
      <name>Jane</name>
      <dob>8/5/1984</dob>
      <gender>f</gender>
      <address>Kildare</address>
      <contactNumber>0868862315</contactNumber>
      <qualifications>
        <Qualification>
          <degreeType>Medical Doctor</degreeType>
          <degreeName>PhD</degreeName>
          <college>Trinity College</college>
          <conferringYear>2008</conferringYear>
        </Qualification>
      </qualifications>
      <qualifiedInIreland>false</qualifiedInIreland>
    </Specialist>
  </list>
</object-stream>